Membros{nome='Ferd Oliveira ', email='ferd@gmail.coim', cargo='MOBILE_MEMBERS'}
Membros{nome='Guta max 3000', email='guta@big', cargo='BIG_BROTHERS'}
Membros{nome='Rangel gabriel', email='Rangel@script', cargo='SCRIPT_GUYS'}
Membros{nome='Akio', email='Akio@mobile', cargo='MOBILE_MEMBERS'}
Membros{nome='bruno villardi', email='bruno@HEAVY', cargo='HEAVY_LIFTERS'}
Membros{nome='Doni', email='Doni@big', cargo='BIG_BROTHERS'}
